{
    "copyFilesFilter": [
        "../bin/**/*.*"
    ],
    "openDataZone": false,
    "compressJson": false,
    "compressJsonFilter": [
        "$basePath/**/*.{json,atlas}"
    ],
    "compressJsonNoteList": [
        ""
    ],
    "compressImage": false,
    "compressImageFilter": [
        "$basePath/**/*.{png,jpg}"
    ],
    "compressImageNoteList": [
        ""
    ],
    "compressJs": false,
    "compressJsFilter": [
        "$basePath/**/*.js"
    ],
    "compressJsNoteList": [
        ""
    ],
    "version": false,
    "versionFilter": [
        "$basePath/**/*.*",
        "!$basePath/*.html",
        "!$basePath/{version.json,game.js,game.json,project.config.json,weapp-adapter.js,project.swan.json,swan-game-adapter.js,main.js,gameConfig.json}",
        "!$basePath/layaforqq/**/*.*"
    ],
    "versionNoteList": [
        "",
        "",
        "",
        ""
    ],
    "packfile": false,
    "packfileFilter": [
        ""
    ],
    "packfileFullValue": [
        "$basePath/**/*.*",
        "$basePath/game.js",
        "$basePath/game.json",
        "$basePath/project.config.json",
        "$basePath/weapp-adapter.js"
    ],
    "packfileTargetValue": "",
    "packfileNoteList": [
        ""
    ],
    "clearReleaseDir": true,
    "compile": false,
    "onlyIndexJS": true,
    "projectType": "js",
    "pubTime": 1568556144913
}