{"type":"Scene","props":{"width":960,"name":"game","height":640},"compId":2,"child":[{"type":"Script","props":{"progress_bar":"@node:5","runtime":"scripts/game_app.js"},"compId":3},{"type":"Image","props":{"y":42,"x":36,"skin":"res/mission_progress.png","name":"progress_bar"},"compId":4,"child":[{"type":"Image","props":{"y":2,"x":2,"width":136,"skin":"res/lv_bar.png","sizeGrid":"0,27,0,18","name":"value","height":17},"compId":5}]}],"loadList":["res/mission_progress.png","res/lv_bar.png"],"loadList3D":[]}