{
  "item-states": [
    {
      "folded": false,
      "id": "mount-assets"
    },
    {
      "folded": false,
      "id": "ad67f66c-a11a-4d65-ba24-59210f639a64"
    },
    {
      "folded": false,
      "id": "562561ea-3846-4457-a36a-6e2c2f97819e"
    },
    {
      "folded": false,
      "id": "d029fd61-1b66-4358-a8da-69803879dfd7"
    },
    {
      "folded": true,
      "id": "3d59ccf7-cf63-4f95-af01-6473572fac1a"
    },
    {
      "folded": true,
      "id": "aee651ce-fc20-4e1c-ab72-efe033816157"
    }
  ]
}