{
  "version": "1.1.1",
  "windows": {
    "main": {
      "main": true,
      "url": "app://editor/index.html",
      "windowType": "dockable",
      "x": 10,
      "y": 12,
      "width": 1606,
      "height": 984,
      "layout": {
        "children": [
          {
            "children": [
              {
                "active": 0,
                "children": [
                  "hierarchy"
                ],
                "height": 427,
                "type": "panel",
                "width": 204
              },
              {
                "active": 0,
                "children": [
                  "assets"
                ],
                "height": 426,
                "type": "panel",
                "width": 204
              }
            ],
            "height": 856,
            "type": "dock-v",
            "width": 204
          },
          {
            "children": [
              {
                "active": 0,
                "children": [
                  "scene"
                ],
                "height": 587,
                "type": "panel",
                "width": 1043
              },
              {
                "active": 0,
                "children": [
                  "console",
                  "timeline"
                ],
                "height": 266,
                "type": "panel",
                "width": 1043
              }
            ],
            "height": 856,
            "type": "dock-v",
            "width": 1043
          },
          {
            "active": 0,
            "children": [
              "inspector",
              "node-library"
            ],
            "height": 856,
            "type": "panel",
            "width": 331
          }
        ],
        "type": "dock-h"
      },
      "panels": [
        "hierarchy",
        "node-library",
        "console",
        "timeline",
        "inspector",
        "assets",
        "scene"
      ]
    }
  },
  "panels": {
    "builder": {
      "x": 558,
      "y": 149,
      "width": 516,
      "height": 739
    }
  }
}