﻿<?xml version="1.0" encoding="utf-8"?>
<LayaExportSetting>
  <config>1</config>
  <config1>
    <FirstlevelMenu>0</FirstlevelMenu>
    <MeshSetting>False</MeshSetting>
    <IgnoreVerticesUV>False</IgnoreVerticesUV>
    <IgnoreVerticesNormal>False</IgnoreVerticesNormal>
    <IgnoreVerticesTangent>False</IgnoreVerticesTangent>
    <IgnoreVerticesColor>False</IgnoreVerticesColor>
    <CompressMesh>False</CompressMesh>
    <AnimatorCompress>False</AnimatorCompress>
    <TerrainSetting>True</TerrainSetting>
    <TextureSetting>False</TextureSetting>
    <JPGQuality>75</JPGQuality>
    <ConvertTerrain>True</ConvertTerrain>
    <TerrainToMeshResolution>8</TerrainToMeshResolution>
    <GameObjectSetting>False</GameObjectSetting>
    <IgnoreNullGameObject>True</IgnoreNullGameObject>
    <IgnoreNotActiveGameObject>False</IgnoreNotActiveGameObject>
    <OptimizeGameObject>False</OptimizeGameObject>
    <BatchMade>False</BatchMade>
    <OtherSetting>True</OtherSetting>
    <CoverOriginalFile>True</CoverOriginalFile>
    <CustomizeDirectory>False</CustomizeDirectory>
    <CustomizeDirectoryName>
    </CustomizeDirectoryName>
    <Ios>False</Ios>
    <Android>False</Android>
    <Conventional>True</Conventional>
    <SavePath>C:/Home/workspace/wx_basketball/laya_basketball/bin/res/scene3D</SavePath>
    <ScrollPositionY>0</ScrollPositionY>
  </config1>
  <config2>
    <FirstlevelMenu>0</FirstlevelMenu>
    <MeshSetting>False</MeshSetting>
    <IgnoreVerticesUV>False</IgnoreVerticesUV>
    <IgnoreVerticesNormal>False</IgnoreVerticesNormal>
    <IgnoreVerticesTangent>False</IgnoreVerticesTangent>
    <IgnoreVerticesColor>False</IgnoreVerticesColor>
    <CompressMesh>False</CompressMesh>
    <AnimatorCompress>False</AnimatorCompress>
    <TextureSetting>False</TextureSetting>
    <JPGQuality>75</JPGQuality>
    <TerrainSetting>False</TerrainSetting>
    <ConvertTerrain>False</ConvertTerrain>
    <TerrainToMeshResolution>8</TerrainToMeshResolution>
    <GameObjectSetting>True</GameObjectSetting>
    <IgnoreNullGameObject>True</IgnoreNullGameObject>
    <IgnoreNotActiveGameObject>True</IgnoreNotActiveGameObject>
    <OptimizeGameObject>False</OptimizeGameObject>
    <BatchMade>False</BatchMade>
    <OtherSetting>True</OtherSetting>
    <CoverOriginalFile>True</CoverOriginalFile>
    <CustomizeDirectory>False</CustomizeDirectory>
    <CustomizeDirectoryName>
    </CustomizeDirectoryName>
    <Ios>False</Ios>
    <Android>False</Android>
    <Conventional>True</Conventional>
    <SavePath>
    </SavePath>
    <ScrollPositionY>0</ScrollPositionY>
  </config2>
  <config3>
    <FirstlevelMenu>0</FirstlevelMenu>
    <MeshSetting>False</MeshSetting>
    <IgnoreVerticesUV>False</IgnoreVerticesUV>
    <IgnoreVerticesNormal>False</IgnoreVerticesNormal>
    <IgnoreVerticesTangent>False</IgnoreVerticesTangent>
    <IgnoreVerticesColor>False</IgnoreVerticesColor>
    <CompressMesh>False</CompressMesh>
    <AnimatorCompress>False</AnimatorCompress>
    <TextureSetting>False</TextureSetting>
    <JPGQuality>75</JPGQuality>
    <TerrainSetting>False</TerrainSetting>
    <ConvertTerrain>False</ConvertTerrain>
    <TerrainToMeshResolution>8</TerrainToMeshResolution>
    <GameObjectSetting>False</GameObjectSetting>
    <IgnoreNullGameObject>True</IgnoreNullGameObject>
    <IgnoreNotActiveGameObject>False</IgnoreNotActiveGameObject>
    <OptimizeGameObject>False</OptimizeGameObject>
    <BatchMade>False</BatchMade>
    <OtherSetting>False</OtherSetting>
    <CoverOriginalFile>True</CoverOriginalFile>
    <CustomizeDirectory>False</CustomizeDirectory>
    <CustomizeDirectoryName>
    </CustomizeDirectoryName>
    <Ios>False</Ios>
    <Android>False</Android>
    <Conventional>True</Conventional>
    <SavePath>
    </SavePath>
    <ScrollPositionY>0</ScrollPositionY>
  </config3>
  <config4>
    <FirstlevelMenu>0</FirstlevelMenu>
    <MeshSetting>False</MeshSetting>
    <IgnoreVerticesUV>False</IgnoreVerticesUV>
    <IgnoreVerticesNormal>False</IgnoreVerticesNormal>
    <IgnoreVerticesTangent>False</IgnoreVerticesTangent>
    <IgnoreVerticesColor>False</IgnoreVerticesColor>
    <CompressMesh>False</CompressMesh>
    <AnimatorCompress>False</AnimatorCompress>
    <TextureSetting>False</TextureSetting>
    <JPGQuality>75</JPGQuality>
    <TerrainSetting>False</TerrainSetting>
    <ConvertTerrain>False</ConvertTerrain>
    <TerrainToMeshResolution>8</TerrainToMeshResolution>
    <GameObjectSetting>False</GameObjectSetting>
    <IgnoreNullGameObject>True</IgnoreNullGameObject>
    <IgnoreNotActiveGameObject>False</IgnoreNotActiveGameObject>
    <OptimizeGameObject>False</OptimizeGameObject>
    <BatchMade>False</BatchMade>
    <OtherSetting>False</OtherSetting>
    <CoverOriginalFile>True</CoverOriginalFile>
    <CustomizeDirectory>False</CustomizeDirectory>
    <CustomizeDirectoryName>
    </CustomizeDirectoryName>
    <Ios>False</Ios>
    <Android>False</Android>
    <Conventional>True</Conventional>
    <SavePath>
    </SavePath>
    <ScrollPositionY>0</ScrollPositionY>
  </config4>
  <config5>
    <FirstlevelMenu>0</FirstlevelMenu>
    <MeshSetting>False</MeshSetting>
    <IgnoreVerticesUV>False</IgnoreVerticesUV>
    <IgnoreVerticesNormal>False</IgnoreVerticesNormal>
    <IgnoreVerticesTangent>False</IgnoreVerticesTangent>
    <IgnoreVerticesColor>False</IgnoreVerticesColor>
    <CompressMesh>False</CompressMesh>
    <AnimatorCompress>False</AnimatorCompress>
    <TextureSetting>False</TextureSetting>
    <JPGQuality>75</JPGQuality>
    <TerrainSetting>False</TerrainSetting>
    <ConvertTerrain>False</ConvertTerrain>
    <TerrainToMeshResolution>8</TerrainToMeshResolution>
    <GameObjectSetting>False</GameObjectSetting>
    <IgnoreNullGameObject>True</IgnoreNullGameObject>
    <IgnoreNotActiveGameObject>False</IgnoreNotActiveGameObject>
    <OptimizeGameObject>False</OptimizeGameObject>
    <BatchMade>False</BatchMade>
    <OtherSetting>False</OtherSetting>
    <CoverOriginalFile>True</CoverOriginalFile>
    <CustomizeDirectory>False</CustomizeDirectory>
    <CustomizeDirectoryName>
    </CustomizeDirectoryName>
    <Ios>False</Ios>
    <Android>False</Android>
    <Conventional>True</Conventional>
    <SavePath>
    </SavePath>
    <ScrollPositionY>0</ScrollPositionY>
  </config5>
  <language>1</language>
  <time>1568552401</time>
</LayaExportSetting>