{
  "item-states": [
    {
      "folded": false,
      "id": "mount-assets"
    },
    {
      "folded": false,
      "id": "01e66ad3-430d-456e-8153-3a1d910b5cbd"
    },
    {
      "folded": false,
      "id": "fed9b80a-e9d9-4540-ad16-0d788b0ec4f5"
    },
    {
      "folded": false,
      "id": "3c9be6d3-339f-479a-b585-8fe167ae6ac6"
    },
    {
      "folded": false,
      "id": "f55a12d9-1759-4480-959b-922cead70632"
    },
    {
      "folded": true,
      "id": "13a35aa2-e086-4057-8e2b-04ce52ca34fb"
    }
  ]
}