{
  "version": "1.1.1",
  "windows": {
    "main": {
      "main": true,
      "url": "app://editor/index.html",
      "windowType": "dockable",
      "x": 9,
      "y": 9,
      "width": 1607,
      "height": 1020,
      "layout": {
        "children": [
          {
            "children": [
              {
                "active": 0,
                "children": [
                  "hierarchy"
                ],
                "height": 457,
                "type": "panel",
                "width": 254
              },
              {
                "active": 0,
                "children": [
                  "assets"
                ],
                "height": 432,
                "type": "panel",
                "width": 254
              }
            ],
            "height": 892,
            "type": "dock-v",
            "width": 254
          },
          {
            "children": [
              {
                "active": 0,
                "children": [
                  "scene"
                ],
                "height": 583.984375,
                "type": "panel",
                "width": 944.984375
              },
              {
                "active": 0,
                "children": [
                  "console",
                  "timeline"
                ],
                "height": 305,
                "type": "panel",
                "width": 944.984375
              }
            ],
            "height": 892,
            "type": "dock-v",
            "width": 944.984375
          },
          {
            "active": 0,
            "children": [
              "inspector",
              "node-library"
            ],
            "height": 892,
            "type": "panel",
            "width": 380
          }
        ],
        "type": "dock-h"
      },
      "panels": [
        "hierarchy",
        "node-library",
        "console",
        "timeline",
        "inspector",
        "assets",
        "scene"
      ]
    }
  },
  "panels": {
    "project-settings": {
      "x": 662,
      "y": 240,
      "width": 600,
      "height": 565
    }
  }
}