{
  "version": "1.1.1",
  "windows": {
    "worker": {},
    "main": {
      "main": true,
      "url": "app://editor/index.html",
      "windowType": "dockable",
      "x": 297,
      "y": 8,
      "width": 1620,
      "height": 1013,
      "layout": {
        "children": [
          {
            "children": [
              {
                "active": 0,
                "children": [
                  "hierarchy"
                ],
                "height": 385,
                "type": "panel",
                "width": 257
              },
              {
                "active": 0,
                "children": [
                  "assets"
                ],
                "height": 507,
                "type": "panel",
                "width": 257
              }
            ],
            "height": 894,
            "type": "dock-v",
            "width": 257
          },
          {
            "children": [
              {
                "active": 0,
                "children": [
                  "scene"
                ],
                "height": 440,
                "type": "panel",
                "width": 959
              },
              {
                "active": 0,
                "children": [
                  "console",
                  "timeline",
                  "game-window"
                ],
                "height": 452,
                "type": "panel",
                "width": 959
              }
            ],
            "height": 894,
            "type": "dock-v",
            "width": 959
          },
          {
            "active": 0,
            "children": [
              "inspector",
              "node-library",
              "cocos-services"
            ],
            "height": 894,
            "type": "panel",
            "width": 384
          }
        ],
        "type": "dock-h"
      },
      "panels": [
        "hierarchy",
        "assets",
        "node-library",
        "console",
        "timeline",
        "game-window",
        "inspector",
        "cocos-services",
        "scene"
      ]
    }
  },
  "panels": {
    "sprite-editor": {
      "x": 702,
      "y": 240,
      "width": 516,
      "height": 539
    }
  }
}