{
  "f8e6b000-5643-4b86-9080-aa680ce1f599": {
    "asset": 1534489978917,
    "meta": 1533697490000,
    "relativePath": "image"
  },
  "71561142-4c83-4933-afca-cb7a17f67053": {
    "asset": 1533697490000,
    "meta": 1539089382425,
    "relativePath": "image\\default_btn_disabled.png"
  },
  "e851e89b-faa2-4484-bea6-5c01dd9f06e2": {
    "asset": 1533697490000,
    "meta": 1539089382441,
    "relativePath": "image\\default_btn_normal.png"
  },
  "b43ff3c2-02bb-4874-81f7-f2dea6970f18": {
    "asset": 1533697490000,
    "meta": 1539089382472,
    "relativePath": "image\\default_btn_pressed.png"
  },
  "edd215b9-2796-4a05-aaf5-81f96c9281ce": {
    "asset": 1533697490000,
    "meta": 1539089382484,
    "relativePath": "image\\default_editbox_bg.png"
  },
  "d81ec8ad-247c-4e62-aa3c-d35c4193c7af": {
    "asset": 1533697490000,
    "meta": 1539089382527,
    "relativePath": "image\\default_panel.png"
  },
  "99170b0b-d210-46f1-b213-7d9e3f23098a": {
    "asset": 1533697490000,
    "meta": 1539089382537,
    "relativePath": "image\\default_progressbar_bg.png"
  },
  "cfef78f1-c8df-49b7-8ed0-4c953ace2621": {
    "asset": 1533697490000,
    "meta": 1539089382582,
    "relativePath": "image\\default_progressbar.png"
  },
  "567dcd80-8bf4-4535-8a5a-313f1caf078a": {
    "asset": 1533697490000,
    "meta": 1539089382593,
    "relativePath": "image\\default_radio_button_off.png"
  },
  "9d60001f-b5f4-4726-a629-2659e3ded0b8": {
    "asset": 1533697490000,
    "meta": 1539089382632,
    "relativePath": "image\\default_radio_button_on.png"
  },
  "4bab67cb-18e6-4099-b840-355f0473f890": {
    "asset": 1533697490000,
    "meta": 1539089382641,
    "relativePath": "image\\default_scrollbar_bg.png"
  },
  "617323dd-11f4-4dd3-8eec-0caf6b3b45b9": {
    "asset": 1533697490000,
    "meta": 1539089382693,
    "relativePath": "image\\default_scrollbar_vertical_bg.png"
  },
  "d6d3ca85-4681-47c1-b5dd-d036a9d39ea2": {
    "asset": 1533697490000,
    "meta": 1539089382704,
    "relativePath": "image\\default_scrollbar_vertical.png"
  },
  "0275e94c-56a7-410f-bd1a-fc7483f7d14a": {
    "asset": 1533697490000,
    "meta": 1539089382735,
    "relativePath": "image\\default_sprite_splash.png"
  },
  "0291c134-b3da-4098-b7b5-e397edbe947f": {
    "asset": 1533697490000,
    "meta": 1539089382747,
    "relativePath": "image\\default_scrollbar.png"
  },
  "6e056173-d285-473c-b206-40a7fff5386e": {
    "asset": 1533697490000,
    "meta": 1539089382793,
    "relativePath": "image\\default_sprite.png"
  },
  "73a0903d-d80e-4e3c-aa67-f999543c08f5": {
    "asset": 1533697490000,
    "meta": 1539089382824,
    "relativePath": "image\\default_toggle_checkmark.png"
  },
  "c25b9d50-c8fc-4d27-beeb-6e7c1f2e5c0f": {
    "asset": 1533697490000,
    "meta": 1539089382878,
    "relativePath": "image\\default_toggle_disabled.png"
  },
  "d29077ba-1627-4a72-9579-7b56a235340c": {
    "asset": 1533697490000,
    "meta": 1539089382888,
    "relativePath": "image\\default_toggle_normal.png"
  },
  "fc09f9bd-2cce-4605-b630-8145ef809ed6": {
    "asset": 1534489942143,
    "meta": 1533697490000,
    "relativePath": "misc"
  },
  "b181c1e4-0a72-4a91-bfb0-ae6f36ca60bd": {
    "asset": 1533697490000,
    "meta": 1539089382966,
    "relativePath": "image\\default_toggle_pressed.png"
  },
  "2be36297-9abb-4fee-8049-9ed5e271da8a": {
    "asset": 1533697490000,
    "meta": 1539089382980,
    "relativePath": "misc\\default_video.mp4"
  },
  "f6e6dd15-71d1-4ffe-ace7-24fd39942c05": {
    "asset": 1534489979206,
    "meta": 1533697490000,
    "relativePath": "obsolete"
  },
  "f743d2b6-b7ea-4c14-a55b-547ed4d0a045": {
    "asset": 1534489979216,
    "meta": 1533697490000,
    "relativePath": "particle"
  },
  "b8223619-7e38-47c4-841f-9160c232495a": {
    "asset": 1533697490000,
    "meta": 1539089383667,
    "relativePath": "obsolete\\atom.plist"
  },
  "b2687ac4-099e-403c-a192-ff477686f4f5": {
    "asset": 1533697490000,
    "meta": 1539089383670,
    "relativePath": "particle\\atom.plist"
  },
  "8a96b965-2dc0-4e03-aa90-3b79cb93b5b4": {
    "asset": 1533697490000,
    "meta": 1539089383064,
    "relativePath": "obsolete\\atom.png"
  },
  "ae6c6c98-11e4-452f-8758-75f5c6a56e83": {
    "asset": 1534489978925,
    "meta": 1533697490000,
    "relativePath": "prefab"
  },
  "972b9a4d-47ee-4c74-b5c3-61d8a69bc29f": {
    "asset": 1533697490000,
    "meta": 1539089383112,
    "relativePath": "prefab\\button.prefab"
  },
  "d0a82d39-bede-46c4-b698-c81ff0dedfff": {
    "asset": 1533697490000,
    "meta": 1539089383128,
    "relativePath": "particle\\atom.png"
  },
  "2c937608-2562-40ea-b264-7395df6f0cea": {
    "asset": 1533697490000,
    "meta": 1539089383164,
    "relativePath": "prefab\\canvas.prefab"
  },
  "61aeb05b-3b32-452b-8eed-2b76deeed554": {
    "asset": 1533697490000,
    "meta": 1539089383173,
    "relativePath": "prefab\\editbox.prefab"
  },
  "785a442c-3ceb-45be-a46e-7317f625f3b9": {
    "asset": 1533697490000,
    "meta": 1539089383224,
    "relativePath": "prefab\\layout.prefab"
  },
  "27756ebb-3d33-44b0-9b96-e858fadd4dd4": {
    "asset": 1533697490000,
    "meta": 1539089383236,
    "relativePath": "prefab\\label.prefab"
  },
  "ca8401fe-ad6e-41a8-bd46-8e3e4e9945be": {
    "asset": 1533697490000,
    "meta": 1539089383265,
    "relativePath": "prefab\\pageview.prefab"
  },
  "cd33edea-55f5-46c2-958d-357a01384a36": {
    "asset": 1533697490000,
    "meta": 1539089383271,
    "relativePath": "prefab\\particlesystem.prefab"
  },
  "4a37dd57-78cd-4cec-aad4-f11a73d12b63": {
    "asset": 1533697490000,
    "meta": 1539089383307,
    "relativePath": "prefab\\richtext.prefab"
  },
  "5965ffac-69da-4b55-bcde-9225d0613c28": {
    "asset": 1533697490000,
    "meta": 1539089383318,
    "relativePath": "prefab\\progressBar.prefab"
  },
  "32044bd2-481f-4cf1-a656-e2b2fb1594eb": {
    "asset": 1533697490000,
    "meta": 1539089383342,
    "relativePath": "prefab\\scrollview.prefab"
  },
  "0004d1cf-a0ad-47d8-ab17-34d3db9d35a3": {
    "asset": 1533697490000,
    "meta": 1539089383361,
    "relativePath": "prefab\\slider.prefab"
  },
  "1f55e3be-b89b-4b79-88de-47fd31018044": {
    "asset": 1533697490000,
    "meta": 1539089383386,
    "relativePath": "prefab\\sprite_splash.prefab"
  },
  "96083d03-c332-4a3f-9386-d03e2d19e8ee": {
    "asset": 1533697490000,
    "meta": 1539089383389,
    "relativePath": "prefab\\sprite.prefab"
  },
  "7de03a80-4457-438d-95a7-3e7cdffd6086": {
    "asset": 1533697490000,
    "meta": 1539089383431,
    "relativePath": "prefab\\tiledmap.prefab"
  },
  "0e42ba95-1fa1-46aa-b2cf-143cd1bcee2c": {
    "asset": 1533697490000,
    "meta": 1539089383438,
    "relativePath": "prefab\\tiledtile.prefab"
  },
  "0d784963-d024-4ea6-a7db-03be0ad63010": {
    "asset": 1533697490000,
    "meta": 1539089383463,
    "relativePath": "prefab\\toggle.prefab"
  },
  "bf0a434c-84dd-4a8e-a08a-7a36f180cc75": {
    "asset": 1533697490000,
    "meta": 1539089383470,
    "relativePath": "prefab\\toggleContainer.prefab"
  },
  "d1b8be49-b0a0-435c-83b7-552bed4bbe35": {
    "asset": 1533697490000,
    "meta": 1539089383510,
    "relativePath": "prefab\\toggleGroup.prefab"
  },
  "232d2782-c4bd-4bb4-9e01-909f03d6d3b9": {
    "asset": 1533697490000,
    "meta": 1539089383513,
    "relativePath": "prefab\\videoplayer.prefab"
  },
  "8c5001fd-07ee-4a4b-a8a0-63e15195e94d": {
    "asset": 1533697490000,
    "meta": 1539089383530,
    "relativePath": "prefab\\webview.prefab"
  },
  "01e66ad3-430d-456e-8153-3a1d910b5cbd": {
    "asset": 1539089441081,
    "meta": 1539089441089,
    "relativePath": "res"
  },
  "fed9b80a-e9d9-4540-ad16-0d788b0ec4f5": {
    "asset": 1539089446476,
    "meta": 1539089446482,
    "relativePath": "scenes"
  },
  "3c9be6d3-339f-479a-b585-8fe167ae6ac6": {
    "asset": 1539089452412,
    "meta": 1539089452417,
    "relativePath": "scripts"
  },
  "c7f5a6a3-540b-436b-a8b0-b3435d8c1c67": {
    "asset": 1539091694028,
    "meta": 1539091694047,
    "relativePath": "scenes\\game_scene.fire"
  },
  "1f5bfaca-9360-43bb-822b-914e10fce822": {
    "asset": 1500195382000,
    "meta": 1539091141565,
    "relativePath": "scripts\\astar.js"
  },
  "d22dd6ee-5bb4-4286-a6ca-75134fb00718": {
    "asset": 1539085782844,
    "meta": 1539091141574,
    "relativePath": "scripts\\nav_map.js"
  },
  "13a35aa2-e086-4057-8e2b-04ce52ca34fb": {
    "asset": 1378990796370,
    "meta": 1539091353389,
    "relativePath": "res\\a6_walk_27.png"
  },
  "f55a12d9-1759-4480-959b-922cead70632": {
    "asset": 1539091380609,
    "meta": 1539090294818,
    "relativePath": "maps"
  },
  "d2587f77-888e-45c9-a748-b03ff03612a4": {
    "asset": 1539091415237,
    "meta": 1539091415639,
    "relativePath": "maps\\game_map_level1.js"
  },
  "d1246d52-0b88-48e3-bc71-f9cad97da9be": {
    "asset": 1539091417754,
    "meta": 1539091417774,
    "relativePath": "maps\\level1_obs_root.prefab"
  },
  "2b1be469-282b-47a3-affd-d6e3079f9045": {
    "asset": 1539084092528,
    "meta": 1539091613003,
    "relativePath": "scripts\\nav_agent.js"
  },
  "c18eeca8-9792-4099-8363-e81cf1de6e59": {
    "asset": 1539091724952,
    "meta": 1539091725838,
    "relativePath": "scripts\\play_ctrl.js"
  }
}