{
  "f8e6b000-5643-4b86-9080-aa680ce1f599": {
    "asset": 1534489978917,
    "meta": 1533697490000,
    "relativePath": "image"
  },
  "71561142-4c83-4933-afca-cb7a17f67053": {
    "asset": 1533697490000,
    "meta": 1542613576509,
    "relativePath": "image\\default_btn_disabled.png"
  },
  "e851e89b-faa2-4484-bea6-5c01dd9f06e2": {
    "asset": 1533697490000,
    "meta": 1542613576523,
    "relativePath": "image\\default_btn_normal.png"
  },
  "b43ff3c2-02bb-4874-81f7-f2dea6970f18": {
    "asset": 1533697490000,
    "meta": 1542613576555,
    "relativePath": "image\\default_btn_pressed.png"
  },
  "edd215b9-2796-4a05-aaf5-81f96c9281ce": {
    "asset": 1533697490000,
    "meta": 1542613576566,
    "relativePath": "image\\default_editbox_bg.png"
  },
  "d81ec8ad-247c-4e62-aa3c-d35c4193c7af": {
    "asset": 1533697490000,
    "meta": 1542613576595,
    "relativePath": "image\\default_panel.png"
  },
  "99170b0b-d210-46f1-b213-7d9e3f23098a": {
    "asset": 1533697490000,
    "meta": 1542613576608,
    "relativePath": "image\\default_progressbar_bg.png"
  },
  "cfef78f1-c8df-49b7-8ed0-4c953ace2621": {
    "asset": 1533697490000,
    "meta": 1542613576633,
    "relativePath": "image\\default_progressbar.png"
  },
  "567dcd80-8bf4-4535-8a5a-313f1caf078a": {
    "asset": 1533697490000,
    "meta": 1542613576646,
    "relativePath": "image\\default_radio_button_off.png"
  },
  "9d60001f-b5f4-4726-a629-2659e3ded0b8": {
    "asset": 1533697490000,
    "meta": 1542613576688,
    "relativePath": "image\\default_radio_button_on.png"
  },
  "4bab67cb-18e6-4099-b840-355f0473f890": {
    "asset": 1533697490000,
    "meta": 1542613576691,
    "relativePath": "image\\default_scrollbar_bg.png"
  },
  "617323dd-11f4-4dd3-8eec-0caf6b3b45b9": {
    "asset": 1533697490000,
    "meta": 1542613576718,
    "relativePath": "image\\default_scrollbar_vertical_bg.png"
  },
  "d6d3ca85-4681-47c1-b5dd-d036a9d39ea2": {
    "asset": 1533697490000,
    "meta": 1542613576734,
    "relativePath": "image\\default_scrollbar_vertical.png"
  },
  "0275e94c-56a7-410f-bd1a-fc7483f7d14a": {
    "asset": 1533697490000,
    "meta": 1542613576764,
    "relativePath": "image\\default_sprite_splash.png"
  },
  "0291c134-b3da-4098-b7b5-e397edbe947f": {
    "asset": 1533697490000,
    "meta": 1542613576774,
    "relativePath": "image\\default_scrollbar.png"
  },
  "73a0903d-d80e-4e3c-aa67-f999543c08f5": {
    "asset": 1533697490000,
    "meta": 1542613576814,
    "relativePath": "image\\default_toggle_checkmark.png"
  },
  "6e056173-d285-473c-b206-40a7fff5386e": {
    "asset": 1533697490000,
    "meta": 1542613576817,
    "relativePath": "image\\default_sprite.png"
  },
  "c25b9d50-c8fc-4d27-beeb-6e7c1f2e5c0f": {
    "asset": 1533697490000,
    "meta": 1542613576839,
    "relativePath": "image\\default_toggle_disabled.png"
  },
  "d29077ba-1627-4a72-9579-7b56a235340c": {
    "asset": 1533697490000,
    "meta": 1542613576850,
    "relativePath": "image\\default_toggle_normal.png"
  },
  "fc09f9bd-2cce-4605-b630-8145ef809ed6": {
    "asset": 1534489942143,
    "meta": 1533697490000,
    "relativePath": "misc"
  },
  "b181c1e4-0a72-4a91-bfb0-ae6f36ca60bd": {
    "asset": 1533697490000,
    "meta": 1542613576885,
    "relativePath": "image\\default_toggle_pressed.png"
  },
  "2be36297-9abb-4fee-8049-9ed5e271da8a": {
    "asset": 1533697490000,
    "meta": 1542613576895,
    "relativePath": "misc\\default_video.mp4"
  },
  "f6e6dd15-71d1-4ffe-ace7-24fd39942c05": {
    "asset": 1534489979206,
    "meta": 1533697490000,
    "relativePath": "obsolete"
  },
  "f743d2b6-b7ea-4c14-a55b-547ed4d0a045": {
    "asset": 1534489979216,
    "meta": 1533697490000,
    "relativePath": "particle"
  },
  "b2687ac4-099e-403c-a192-ff477686f4f5": {
    "asset": 1533697490000,
    "meta": 1542613577357,
    "relativePath": "particle\\atom.plist"
  },
  "b8223619-7e38-47c4-841f-9160c232495a": {
    "asset": 1533697490000,
    "meta": 1542613577361,
    "relativePath": "obsolete\\atom.plist"
  },
  "8a96b965-2dc0-4e03-aa90-3b79cb93b5b4": {
    "asset": 1533697490000,
    "meta": 1542613576953,
    "relativePath": "obsolete\\atom.png"
  },
  "ae6c6c98-11e4-452f-8758-75f5c6a56e83": {
    "asset": 1534489978925,
    "meta": 1533697490000,
    "relativePath": "prefab"
  },
  "d0a82d39-bede-46c4-b698-c81ff0dedfff": {
    "asset": 1533697490000,
    "meta": 1542613576972,
    "relativePath": "particle\\atom.png"
  },
  "972b9a4d-47ee-4c74-b5c3-61d8a69bc29f": {
    "asset": 1533697490000,
    "meta": 1542613576987,
    "relativePath": "prefab\\button.prefab"
  },
  "2c937608-2562-40ea-b264-7395df6f0cea": {
    "asset": 1533697490000,
    "meta": 1542613577018,
    "relativePath": "prefab\\canvas.prefab"
  },
  "61aeb05b-3b32-452b-8eed-2b76deeed554": {
    "asset": 1533697490000,
    "meta": 1542613577032,
    "relativePath": "prefab\\editbox.prefab"
  },
  "27756ebb-3d33-44b0-9b96-e858fadd4dd4": {
    "asset": 1533697490000,
    "meta": 1542613577043,
    "relativePath": "prefab\\label.prefab"
  },
  "785a442c-3ceb-45be-a46e-7317f625f3b9": {
    "asset": 1533697490000,
    "meta": 1542613577062,
    "relativePath": "prefab\\layout.prefab"
  },
  "ca8401fe-ad6e-41a8-bd46-8e3e4e9945be": {
    "asset": 1533697490000,
    "meta": 1542613577085,
    "relativePath": "prefab\\pageview.prefab"
  },
  "cd33edea-55f5-46c2-958d-357a01384a36": {
    "asset": 1533697490000,
    "meta": 1542613577098,
    "relativePath": "prefab\\particlesystem.prefab"
  },
  "5965ffac-69da-4b55-bcde-9225d0613c28": {
    "asset": 1533697490000,
    "meta": 1542613577107,
    "relativePath": "prefab\\progressBar.prefab"
  },
  "4a37dd57-78cd-4cec-aad4-f11a73d12b63": {
    "asset": 1533697490000,
    "meta": 1542613577123,
    "relativePath": "prefab\\richtext.prefab"
  },
  "32044bd2-481f-4cf1-a656-e2b2fb1594eb": {
    "asset": 1533697490000,
    "meta": 1542613577142,
    "relativePath": "prefab\\scrollview.prefab"
  },
  "0004d1cf-a0ad-47d8-ab17-34d3db9d35a3": {
    "asset": 1533697490000,
    "meta": 1542613577153,
    "relativePath": "prefab\\slider.prefab"
  },
  "1f55e3be-b89b-4b79-88de-47fd31018044": {
    "asset": 1533697490000,
    "meta": 1542613577163,
    "relativePath": "prefab\\sprite_splash.prefab"
  },
  "96083d03-c332-4a3f-9386-d03e2d19e8ee": {
    "asset": 1533697490000,
    "meta": 1542613577197,
    "relativePath": "prefab\\sprite.prefab"
  },
  "7de03a80-4457-438d-95a7-3e7cdffd6086": {
    "asset": 1533697490000,
    "meta": 1542613577199,
    "relativePath": "prefab\\tiledmap.prefab"
  },
  "0e42ba95-1fa1-46aa-b2cf-143cd1bcee2c": {
    "asset": 1533697490000,
    "meta": 1542613577212,
    "relativePath": "prefab\\tiledtile.prefab"
  },
  "0d784963-d024-4ea6-a7db-03be0ad63010": {
    "asset": 1533697490000,
    "meta": 1542613577228,
    "relativePath": "prefab\\toggle.prefab"
  },
  "bf0a434c-84dd-4a8e-a08a-7a36f180cc75": {
    "asset": 1533697490000,
    "meta": 1542613577244,
    "relativePath": "prefab\\toggleContainer.prefab"
  },
  "d1b8be49-b0a0-435c-83b7-552bed4bbe35": {
    "asset": 1533697490000,
    "meta": 1542613577261,
    "relativePath": "prefab\\toggleGroup.prefab"
  },
  "232d2782-c4bd-4bb4-9e01-909f03d6d3b9": {
    "asset": 1533697490000,
    "meta": 1542613577277,
    "relativePath": "prefab\\videoplayer.prefab"
  },
  "8c5001fd-07ee-4a4b-a8a0-63e15195e94d": {
    "asset": 1533697490000,
    "meta": 1542613577289,
    "relativePath": "prefab\\webview.prefab"
  },
  "ad67f66c-a11a-4d65-ba24-59210f639a64": {
    "asset": 1542613685672,
    "meta": 1542613685680,
    "relativePath": "res"
  },
  "562561ea-3846-4457-a36a-6e2c2f97819e": {
    "asset": 1542613698304,
    "meta": 1542613698318,
    "relativePath": "scenes"
  },
  "d029fd61-1b66-4358-a8da-69803879dfd7": {
    "asset": 1542613702603,
    "meta": 1542613702608,
    "relativePath": "scripts"
  },
  "59b20ffa-60ed-4578-bc4a-d39efddbc9fd": {
    "asset": 1542616274404,
    "meta": 1542616274436,
    "relativePath": "scenes\\game_scene.fire"
  },
  "3d59ccf7-cf63-4f95-af01-6473572fac1a": {
    "asset": 1378990796370,
    "meta": 1542613875331,
    "relativePath": "res\\a6_walk_27.png"
  },
  "aee651ce-fc20-4e1c-ab72-efe033816157": {
    "asset": 1481715895661,
    "meta": 1542613875343,
    "relativePath": "res\\map1.png"
  },
  "dd5d9c88-a282-43ce-a7d7-35051d8570f6": {
    "asset": 1542614505264,
    "meta": 1542614505291,
    "relativePath": "res\\level1.anim"
  },
  "ad18f446-4446-4754-b678-d405bcd689bf": {
    "asset": 1542614760695,
    "meta": 1542614784462,
    "relativePath": "scripts\\map_gen.js"
  },
  "96d54a3b-e747-4291-a9c2-1932965d585b": {
    "asset": 1542616157176,
    "meta": 1542616158970,
    "relativePath": "scripts\\nav_walk.js"
  }
}