{
  "__type__": "cc.AnimationClip",
  "_name": "level1",
  "_objFlags": 0,
  "_native": "",
  "_duration": 0.3333333333333333,
  "sample": 60,
  "speed": 1,
  "wrapMode": 1,
  "curveData": {
    "paths": {
      "road1": {
        "props": {
          "position": [
            {
              "frame": 0,
              "value": [
                -17,
                313
              ],
              "motionPath": [
                [
                  -17,
                  214,
                  -18,
                  252,
                  -7,
                  146
                ],
                [
                  -29,
                  106,
                  -19,
                  130,
                  -57,
                  11
                ],
                [
                  -166,
                  10,
                  -104,
                  94,
                  -177,
                  -17
                ],
                [
                  -168,
                  -80,
                  -197,
                  -49,
                  -151,
                  -109
                ],
                [
                  -81,
                  -123,
                  -146,
                  -125,
                  -28,
                  -119
                ],
                [
                  42,
                  -117,
                  -45,
                  -130,
                  93,
                  -109
                ],
                [
                  145,
                  -131,
                  82,
                  -143,
                  171,
                  -126
                ],
                [
                  255,
                  -56,
                  220,
                  -68,
                  315,
                  -35
                ]
              ]
            },
            {
              "frame": 0.3333333333333333,
              "value": [
                360,
                -58
              ],
              "motionPath": []
            }
          ]
        }
      }
    }
  },
  "events": []
}